5DE5378A3C41765CE1F3C7F0299BCB87C5CBA23D	1985	Elsevier	research-article		2980	0			
F1B675AD5F15547A21A95B5E41E1A4F9A8DE9354	2012	Springer	research-article	journal	1242	1	63	1	
91255844E37F50F7E8777454633E7C7646AAC7DA	2006	Springer	research-article	journal	1278	1	192	1	
FAA3A7BDD71F845A4CA9FC71A98129C6894B9028	1993	Elsevier	research-article		722	1			
D85840AF589581273EB688A47749940B869DBC48	1994	Elsevier	research-article		979	1			
77B4C746711BACA6FD29AA3F697D48FD70CC5E09	1973	BMJ	research-article	journal	981	1			
8CCB10E4393EDDBAA74474D54907FB53B8D1CC5B	2011	Springer	research-article	journal	1665	1	130	1	
C8031233D87E15C67611CBA25D4708513889E02A	1997	Institute Of Physics	other	journal	1464	1			
C83B0EB1226EAE91972DA7EF1DEA87BB0694F1C0	1988	Wiley	brief-communication	journal	1291	1			
15999838C597188E88345A912455B5FCE571601B	1991	Elsevier	research-article		652	1	29	1	
74060E564AE52FDC0AB8CA277CDE702D94065AF4	2010	Wiley	case-report	journal	1103	1	182	1	
77EF3F50092E17D69BD9EAD8DB1409101E3CC68B	1988	Elsevier	research-article		1154	1			
79D777DDA5A4845EE439C40CDEC36B981ACDE842	2013	Springer	research-article	journal	1785	1			
BE9BB4EDE9EF50DCB758D5B8914794EE05DC9170	2004	Springer	research-article	journal	1793	1	113	1	
6EAE7567D726CE712523234389E705974BDAAC49	2013	Springer	research-article	journal	2270	0	1	0	
01402C1170DF7EF2FD182AE702B530487B39EC63	1989	Elsevier	research-article		680	1			
A527DC9F323DBADD6FC8890501950566F7244ACE	1990	Elsevier	research-article						
1BCC8CE46194F7177C37CE72EFB5E7A85792E738	2011	Springer	research-article	journal	2292	0			
FDA14CBA1A61B15CE5ED807B5CEDEA673998A5A1	2006	Springer	research-article	journal	1094	1	87	1	
D383038F0A4A7F86E2FE1B24D3AECB77A621BDB8	2013	Springer	research-article	journal	1839	1	213	1	
2041F22829C88E43F4612B61BD8030A44BCB6D1E	1990	Springer	other	book					
703B5267D44028D8A984C0E668869ACB8E35016F	1975	Elsevier	article						
DA45A136DC5EDD31C26504B86144D4269528BD8E	1996	Elsevier	research-article						
41C21B8217420B06086E26539E9CDF03C14E586E	1992	Elsevier	research-article						
751AEB9437681423CB50F19AA0BDD6B70CE1AE3E	1997	Cambridge University Press	review-article	journal					
EA27210D531F6F8EF6DE4EB2C9E2F80B3245DF07	1983	Elsevier	research-article		1204	1			
DDF719EB43B2F2D232DD5A977FB6BAE8D5D72215	1997	Elsevier	research-article		852	1	135	1	
5CC5934381AA69CD166BC6955A8382C2AC974076	1991	Elsevier	research-article		1171	1			
05085E4BFFCE7F3098D8001F466633CDB06CB9F3	2007	SAGE	research-article	journal	727	1	202	1	
211C093C6536E3B018F6C3CD659F75B75514164F	2005	Springer	research-article	journal	905	1			
CBDD515BD0B3EEF28FEFFF1BBD9236458EC2A4CA	1996	Elsevier	research-article		700	1			
E9EB7EE357A841BD2086414F12F12E6940B76554	1977	Elsevier	research-article		514	1			
1306976985DC5CA74554F4F2CA0C2A9ADC212A3F	2000	Elsevier	research-article		1969	1			
9966D18D3810C6CC115F625ED923DAD406973176	2006	Emerald	case-report	journal	1694	1	204	1	
62A44A61B1F617FAFB1453BF69D33CD2045B9709	1980	Institute Of Physics	other	journal	1154	1			
6B37569807716BC3CB973F60598644623620973A	2001	Elsevier	research-article		1485	1	140	1	
9989D1C66160B7E6ABEAF08CC4D0BB32DE11886D	2007	Springer	brief-communication	journal	888	1	95	1	
B05F079A25B84D9D2D98318174FA1333C71CA3F6	2006	Science Press	research-article	journal	1067	1			
9639D72D47331D001B5A91B36E0D089AE3BAC018	2001	Elsevier	research-article		489	1	239	1	
ABF8C859883C2FB81420BB3BA94385A0F233B76A	2001	SAGE	research-article	journal	1057	1			
31D3736DAA13AE4B49902D36767A252EC2DAED8B	1996	Elsevier	research-article		2896	0			
486B6820A5A6BAA4803105070F41EF9CFA6B396A	1977	Elsevier	research-article						
F39F7AD8CDFFC018A372D4187971CA0981F4EAFB	1995	Cambridge University Press	research-article	journal					
F43D0AB53D7AD0C48C43528D60EBEEFB78DB7976	1988	Elsevier	research-article		1319	1			
6C4BC563F111B277A83B45E6112CB35CD24EAD30	1994	Kluwer	research-article	journal	1418	1			
486E14C9F61D42149A51F49617F5C23E336A6FBE	1994	Elsevier	research-article		589	1			
3789F89B2FC5DF7591ACF74F644E0ACAE6083D8A	1994	BMJ	research-article	journal	4699	0			
E22789B806F44278A81BA7C8B6D4999878E6D7E2	2008	Springer	research-article	book-series	880	1			
1FBBCB18A4781773BF1CC66A40E0531B57E03C0C	2001	Elsevier	research-article		4680	0			
19278EBB7565B513D64480245106F832382A24F2	1972	Elsevier	research-article		1675	1			
75838B5A93FB1FBE5F61BF3A3296490505669056	2003	Nauka/Interperiodica	research-article	journal	1703	1			
BF4D19FB13E627CF1FD745BB55C4DEBA6F335520	1990	Springer	research-article	journal	300	1	39	1	
2CF60FAC04E103540AC336F031A1B64C574354A9	2008	SP MAIK Nauka/Interperiodica	research-article	journal	292	1			
AB0E2BCD590E5D998850DBA533263F87C37E8DBC	1987	Elsevier	brief-communication						
D94167B032E931BE44BA4B410F87FD75815EB013	1932	Cambridge University Press	research-article	journal					
D8F70F55345F512D45E7D5F5365485E2893F1194	2013	Springer	research-article	journal	1041	1	105	1	
CAC3CDF891CBF3D81F0680CB7F53F226F63621B5	1985	Elsevier	research-article		818	1	192	1	
069B8805153BF88CBED7672AE48676FF61F4DFA2	1991	RSC	other	journal					
57CB0B8EA3E9F269259DE6C3BE1FC2E4E1AAA876	1975	Elsevier	brief-communication		816	1			
E41B06211E27000DBB465FE6EA06632C88000435	1966	Springer	research-article	journal	893	1			
4F66B2BB4088A82DD9A827E1D03EEEC01FFD6B46	1986	Kluwer	research-article	journal	1508	1	301	1	
14609B0BEE845E5C6E0F22845813532FC0D6542F	2009	Springer	research-article		664	1			
56138896930309E821EBD395B103E34862B0D2A1	2002	Oxford University Press	research-article	journal	2594	0	139	1	
106496795E8E80F66310052B853A000DA6226B40	1999	Elsevier	research-article		1501	1	188	1	
4FDEF7A2B9A81C2CCF1194B0A6522A3422DAF0FB	1998	Elsevier	research-article		1308	1	233	1	
CA186E703F59D87101F38C0B6763ADE2AB2E82E6	1997	Elsevier	brief-communication		524	1			
A210C900D53816712B1EFDCF452409556494E3BB	2003	Springer	research-article	journal	861	1			
F81373709522B5AE12870B543E554DC4E54E457B	1983	SAGE	research-article	journal	636	1			
85A63CF81B41E8B818EDC83649BE520E8401DF3F	1999	Elsevier	research-article		1370	1	147	1	
C9BE160DD6E447156ADE785029C1FBE3123B8AA5	2001	Elsevier	article						
497EB99F9FB8DEC753ABB2EE33FDDFF1A2DA7512	2009	Springer	research-article	journal	444	1	99	1	
85907630CB2319CE7D729F9F99EA1A7B29B9EF0D	1942	Springer	research-article	journal	2608	0			
CD49329A71803DCC6B0D2E74310D32B420C3D147	2002	Wiley	brief-communication	journal	1147	1	171	1	
934840CFF8A4E0594D55455471A6A8F219FFFB25	1979	Elsevier	research-article		580	1			
4690AB0045358E305232EBBE0E90FA43DCD968D2	1986	Springer	research-article	book-series	585	1			
251DB0946AECED64A8954EA1750D4634F231D609	1980	Kluwer	research-article	journal	1177	1	202	1	
FC8BBE72761BDA6FB03599399DB92D856D660CC6	1986	Elsevier	research-article		430	1			
DCD0C0FC494DD574951C6AFCAAB65D053EE7A10C	2002	RSC	article	journal	5444	0			
FCB939C5329862591B7C8938ADCDB0FF0FF8769D	1975	SAGE	research-article	journal	2167	0			
0010AC1C5969FD89FE792E2B980F70E338E414C7	2008	Springer	research-article	journal	1141	1	86	1	
A2F85612DB466DBE97FE0A596202974EC0B4D63E	2001	Elsevier	research-article		951	1	185	1	
BE391809990636FD7F916F6B33F2FD92701DD885	2001	Birkhäuser Basel	conference	book-series	473	1			
CE9EB254E39C4EC398FBB20F89D0E43BDB904426	1998	Nature Publishing Group	research-article		806	1	127	1	
480628FC2A35EC59D8580525BFDDF65154654F4A	2010	SP MAIK Nauka/Interperiodica	research-article	journal	2394	0	218	1	
0615A3F905C34B394F38033679F3B75A6DB427CE	2014	RSC	research-article	book-series					
1883AA2DAB2C0DF227D24D673DF697A6ED0CF479	2007	Cambridge University Press	research-article	journal					
1D9818AFE9F1C0F7E1EC6AD610799BADD4A8810D	1994	Elsevier	research-article		465	1	376	1	
BA437B4FAD379FD1203A24FBE1D5CF3F851FA571	1976	Elsevier	research-article						
3AD6BE55405850A31589E6BE8F5E8B755A32FD25	2007	The University of Chicago Press	research-article	journal					
30FE2DDDAF03781BF25B8C5CF2B045966BFA9C84	1996	Elsevier	research-article		691	1			
5B3C3DF5D34F1E67BD03DB5A8812076EA5D784CD	2009	Springer	research-article	journal	293	1			
5A9C4E53D1644F2ADF2E76DF4A5E5D780BF5D7C0	1999	Elsevier	research-article		462	1	219	1	
E83F513ABF59775CFBEB1D2E370CDC1350C00547	1982	SAGE	research-article	journal					
CA49ADD1683E16A35BD4CFEC736188D466D1D35B	1999	Springer	chapter	book					
DE35215439D2E10D12C39D60F9BD740F6E222A79	2007	Springer	research-article		2065	0			
5A692ACD62352FF0B2D86FA58171C4DA7B9A4E68	1991	Elsevier	research-article		478	1			
9AA87010202566590B5F92FF40E4DD166AEC8B9D	1971	SAGE	research-article	journal	2171	0			
9481810184814D1E6697BBB73BF9B5B6C8B8ABDB	1990	Elsevier	research-article		1454	1			
B0E6554715C8EDCD9F6EC41EA82042BBA4D6BD59	1997	Institute Of Physics	other	journal	1876	1	38	1	
E14285EB225F20FE7C43CE3CAACCE99F09C35D4F	2002	Wiley	brief-communication	journal					
C49DEFE6DE986E16922DEE98CC7F266D828BE30A	2008	Oxford University Press	research-article	journal					
5091A98B34B11197728F1CEE87655A042E2B1F8D	2006	Cambridge University Press	research-article	journal	850	1			
4488BFFA2EF888CA109929C0C24CA477736F815F	1996	Elsevier	research-article		2569	0			
832B5CBF3EC18B46AB01FAD3895D7D690843EBE2	2006	Springer	research-article	journal	1231	1	96	1	
911794252CCE690420928BE09861A3D4DD428BFE	1998	Nauka/Interperiodica	research-article	journal	3089	0			
CEF2387D095F7030CAB7422B87BF4587697215E7	1999	Elsevier	research-article		3719	0			
1D07760B3AA8E8BC19C9C5A81F7A6B7207CF291E	2008	SP MAIK Nauka/Interperiodica	research-article	journal	959	1	88	1	
6D5EB941ACA193208FCA23EA6B0CEF8202EEE2A9	2011	SP Science China Press	research-article	journal	877	1			
42ED68352A0B020558E8D1B63762763328935E7C	1988	Elsevier	research-article		390	1	155	1	
6C42EDCB21A24AAC288413D4A57FC71F0EEA7ABB	1954	Elsevier	research-article		2556	0			
33E69C1341DF070D9527134A4FC4C455EBE3BE86	1976	Springer	research-article	journal	1115	1	44	1	
313A6FF6D7B1893F911B24873CB9FA21DAEDD13B	2008	SP MAIK Nauka/Interperiodica	research-article	journal	1561	1			
065010659BFD8526D3491D4058409392F1D2B84F	2000	Elsevier	research-article		1890	1	306	1	
E62C4E7EAF69926F0833775D2791AE549B734732	1997	Elsevier	research-article		1404	1	404	1	
539BE18BB68D62991675D94EA9C02BEDD1E93B84	1983	Elsevier	research-article		471	1			
6472B909248B0D393A2A5D7736C91F26501AEC4F	1997	Elsevier	research-article		1927	1	173	1	
87AA0088C80BAC13C1487A6BBE8019BE9C2DADDD	2013	Springer	research-article	journal	1565	1	147	1	
07620AB1A8F20AC4BFC508A523DB0B7EAF2B610C	1998	Elsevier	research-article		1193	1	171	1	
EF7DD95B2E6991BB1308F1FB1178AE4A40944737	1987	Kluwer	research-article	journal	1819	1	30	1	
EAEBD921E9F033B11262009AA542FA31B73E8443	2013	Wiley	brief-communication	journal					
E9E016EF8B484383AAAEC5D90FD8477A32A0F0E1	1993	Springer	research-article	journal	3476	0	69	1	
7C0EE3FA12FEDF8A0807EB0E166197286396AAFA	2009	Institute Of Physics	other	journal	2224	0			
5E522250E3B933141E42CD8F6B3437854A17E72B	1987	Elsevier	brief-communication		664	1			
AFB0B670D604922BFF9FB267C5128E51AD624D87	1958	BMJ	research-article	journal	1570	1			
6A11BAA5E7AF6EC459E85CA1C988B7810350DA7A	1984	Elsevier	brief-communication						
E327473D0B796EB297F22A60114D7F8B0259A8C2	1990	Springer	research-article	journal	1053	1			
8034A046FC23B08377AF88C03F3FB92C395B6431	2010	Institute Of Physics	other	journal	413	1	167	1	
0F9BFDBFE397337B16EA13F8F6B309E05AA648D3	2009	BMJ	research-article	journal	2126	0			
BA0D07C01ADB74D3F2CD8FB1C36F45E906934B58	1993	Kluwer	research-article	journal					
A9E9AD9B836492B6513C56E16996292A98E991D1	2000	Humana Press	research-article	journal	749	1	183	1	
B5130532F2FA28E3D6EFD6B72643B2D7EFA876EF	2000	Elsevier	research-article		1476	1			
B30277C067D9763F4DC05E0245C1E563E59BDA52	1989	Elsevier	research-article		452	1	140	1	
D5F7738268645DAA0C34CE11417597D2A4CA21B0	1982	Elsevier	research-article		852	1			
71256B203D4B25B31A6F6C7227329C71E289D2BA	1995	Elsevier	research-article						
F902627FA6C13413F53E6DE55C7F3CB55A215072	1997	Elsevier	research-article		1258	1			
BCD78BA92212F6322B5F716FEA890C46D611D4F3	1989	Elsevier	research-article		282	1	187	1	
B8292A00CE105E8D3183A9B01D02D2BE58CA30BA	2009	Springer	research-article	journal	2426	0	90	1	
0014FA64409BCEE1360EF6ED5833F6421DFF6928	2009	Springer	research-article	journal	1597	1	177	1	
1EA89A8E3F5C48D20D0BBC7654CEEB2FBCAE213D	1994	Elsevier	research-article		739	1			
BF1B5CBE59297C9312158CA30AA5BAA297526292	1990	Elsevier	research-article		639	1			
BFECA77938C89A913782F626C8967C0C2B8E38AB	1980	Elsevier	research-article		810	1			
0310CEE754909D84A43B93DB2589C5F7FF46C76A	1983	Springer	research-article	journal	572	1	23	1	
1F2D4B638C2E94797CEC0921B8ACB0F7D4F6DCE9	1915	Elsevier	article				1024	0	
12866B92B1A0AFF81969CEA2422CB08F8C4D0423	1982	Kluwer	research-article	journal	2250	0			
BDB6CE293E0A98644EB232F261FAEF43C163DC4D	1938	Elsevier	research-article						
B8DB6BDBF461ACA3B783DFCDCF1C44443300D4D1	1998	Elsevier	research-article		2253	0	155	1	
63A774F313DBDDB8F4B03C0A349E11C1A499735C	1982	Elsevier	research-article		953	1			
43B9BAC7C4D91D3FD03B50DE4164B1E2DAF555C9	1996	Cambridge University Press	review-article	journal					
7244D5CD792E1CC127EF562958C1BA44F6441CB9	1998	Springer	research-article		1741	1	69	1	
4EA5F06F508CC4B75169B4BEC54C46D52D97917D	2002	Springer	research-article	journal	991	1	295	1	
371D0DF7F899984E021082381BB9177B186697E6	1976	SAGE	research-article	journal	3086	0			
4B8CE869ACC00704F78E0B66CC0EB06BBBA7D20F	1993	Elsevier	research-article		438	1			
6B838EA02211744AF478B7503E338CB2ACE41A0A	1977	Elsevier	research-article		1217	1			
A3A71F77330BF5503D7C3E1895C47646AA1C0ECD	1987	Elsevier	brief-communication						
DC826A35FDBD38D04CB6C3EFB489909D844C80F2	1980	Elsevier	research-article		1836	1			
DCC4CA87B6188533886D2BECCB2B844ADFB67ED9	1992	Cambridge University Press	research-article	journal					
DB199F422A7EB79E80D65A2C9C05CBC20D14978E	2011	Wiley	brief-communication	journal					
397F38BF0605B11FA20D8F71E87363F25CDBF584	1993	Springer	research-article	journal	668	1	42	1	
C563F4CD01F87B6B0434979ED841547B8B11E781	2009	Emerald	review-article	journal	909	1	147	1	
B5015F26F955B99303A5B98B6FB3ABA9D85A729A	1980	Springer	research-article	journal	657	1	34	1	
4EEC5E94DB56B5FE464873F216FB47525FE846EC	1991	Elsevier	research-article		2176	0	38	1	
83A8581D8167BCB9D9CDCDA829C17E807FFD3772	1996	Elsevier	research-article		2881	0			
30364BC2934BE78183ABD7C4FB2F73D848602623	1977	Kluwer	research-article	journal	3116	0			
525182B835A36BDCFB769ACBA8D2F989C12ACDE1	1986	SAGE	research-article	journal	1789	1			
A6B30D350048990D67C0F81F9BB636DE4D335BD0	1980	Elsevier	research-article		591	1			
81CF4B59F50DCD597B07A10423A959B505F48C53	1954	Elsevier	brief-communication						
E5B0908694D5ACCDA130D45A0749446994ECE894	1984	Elsevier	research-article						
61944B74BDA5B57D521C1A608C047541E4B42A74	1996	Elsevier	research-article		898	1			
6DFC4D0DDE02807A845752F7F288EC89A04B3034	2002	Springer	research-article	journal	928	1			
244AFCF8FC183BA057EDCF0EF35C1EE7797FF2A8	2008	Springer	research-article	journal	984	1	183	1	
480F913B9E699EEB9A8F8C74780A4C9F2FF0B408	1993	Elsevier	research-article		1026	1			
A9AC0227E87E19C02936FB3308370ED2A6590785	1984	Elsevier	research-article		1400	1	250	1	
A1D09BFBBC6B9E07AAF0408A51AC8DB063EEF4A0	1935	Springer	research-article	journal	2148	0			
5AF8E25DA155DBF67A7EBE0B54D160DEEC65655E	1992	Elsevier	research-article						
0E9F7F9FFFC2F841165AA641978E606347E73344	1975	Elsevier	research-article						
43F6FB81F486793225022A6DBEE3395AEEE7C704	2006	Urban & Vogel	research-article	journal	3641	0	74	1	
FC46286E927185D783D8398FCDF9F475166DF507	1977	Elsevier	research-article		1270	1			
EAA816437EE7E27CF875F1AD18D29B85A556CAEC	1997	Springer	research-article	journal					
556077C762FC7CBE6A4D3A76AE84DB782875886E	2005	Oxford University Press	research-article	journal	1745	1	129	1	
C2D0F62357908C0E9EA0C806E952EFF7F9F57B1F	2006	Institute Of Physics	other	journal	556	1	143	1	
7E4CF839D904535D9E7F8F6AB44E02E6A009D1C8	1999	Elsevier	research-article		749	1	118	1	
8F9B07353CE5B625258DCAFF2835E4643E961A85	1995	Elsevier	research-article		507	1			
C37912309FF274FD3967FD9E84D2BF178379528F	2007	Oxford University Press	research-article	journal	1502	1	239	1	
BFEE1A4480B1729FAC39EC4EE9E055C3F4E4958A	1997	Cambridge University Press	research-article	journal	1080	1			
1DF2815E4F1BBA0D24389A2C276FF0866385F671	1975	Elsevier	research-article		1463	1			
1BC7249345C3371785A22C4365611FC41AA71733	1999	Springer	research-article	book-series	2499	0			
1C345E7A5CA3E639044B48896C3915896EF150C0	2000	Elsevier	research-article		295	1	242	1	
18003E63DB58DB26F6D45E6E36F7ED8467E3068A	2005	Springer	research-article	journal	2661	0			
7CEFB238F723C8576D88F7D61F06A359CB8F4974	1995	Elsevier	research-article		1028	1			
26B242FD18AD7FFF68A3A5276F3C38F245B9AB11	1997	Cambridge University Press	research-article	journal	1119	1	124	1	
1D1D4095C0D91E18B931C7C0CC34829CA591F03F	2000	Kluwer	research-article	journal					
980560A90951E712E84243FAB255FCC945F09D0B	1972	Elsevier	research-article						
D0D2AEB363534622299D222EFF0C0294894ECDD0	2012	Institute Of Physics	other	journal	1106	1			
A8016A6D51638B8C1AE7B29119243EE0FAE8AA97	1995	Elsevier	brief-communication		1446	1	206	1	
A1925272967428F91F677CA3B7EB7BC1DD3B8E5E	1990	Institute Of Physics	other	journal	1028	1			
C0BD9477E2494BD5FD5EBA16F278036CE5B12125	1990	Elsevier	research-article		393	1			
0EC4A2338977BB54573DF8150BD9EA7585BF3ACE	1997	Springer	research-article	book-series	854	1			
D9989633C2B9701B03B20BCB7B015710E4032C21	1966	Springer	research-article	journal	1058	1			
EBBE7CBB0E84B9EAD32BA835360FC3C1D49B525C	1997	Springer	research-article	journal	1736	1	84	1	
1294F7B3ACF2ABCC2C6FB42211FA4B6147897574	1994	Elsevier	research-article		695	1	96	1	
3266DE37AE698B5F564B16F76E42FB34ADB724F3	2003	SAGE	research-article	journal	623	1	160	1	
FF3228C459C54D7F4826EEA4C1E72814CA6AE20B	1995	Elsevier	research-article		782	1	371	1	
82A5AC5A59C8B801BFD11D91D79DB6D808D0E4C5	2013	Springer	research-article	journal	1142	1	239	1	
2F29795E4300F95FC2A273C297FA56938CE1661B	1991	Elsevier	research-article		1007	1			
BF8D93A0B40DC04FC5186A96051D4C2A1AACCB05	2009	Springer	chapter	book					
27A170D3DA1D55A12E1CA3A86515011110A7B3D4	1990	Elsevier	research-article		1579	1	166	1	
CCB5CE0620E41F0C5D61AE338ED454EE2A860B0E	1971	Oxford University Press	research-article	journal					
0C5127C3824A8AE0F494525F527DDB7D2E0192A6	1989	RSC	article	journal					
1BC6697ED72DC578FFE77967D8C7F2FEA7F9B32F	1976	Birkhäuser-Verlag	research-article	journal	2456	0			
3ABE6721166B153A04317A2E9221C0F110337CFB	2009	Springer	research-article	book-series	836	1			
A3EB79A3FB278FE38E7781C176A1642B93405429	1982	Blackwell	brief-communication	journal	493	1	101	1	
9588C0DCAEE2D02C3994B8B76D17CFF822730DD7	2008	RSC	other	journal	1644	1			
E6E41F5E72A5C6CD0FA3A950A9A1F08322B7F677	1978	Elsevier	research-article						
07E6452219894751A60CAE8C40A0EDBAD6F6DBFC	1997	Blackwell	research-article	journal					
94EA76BB5BF1D709536F5471BD25FBAE5F7E16E3	1990	Kluwer	research-article	journal	1065	1	164	1	
817B2F9F6129452E39245669CBB9B4BAAADD5D42	2013	Springer	conference	book-series	1030	1	127	1	
E81AD68905D5641DA87BC6E254F4A7ABB4CAD8E4	1969	Kluwer	research-article	journal	1537	1			
BA81CE7FAE6B0BA7C49911444F7E10AC41314D31	1991	Springer	other	book	2080	0			
849B9EC03FA0A534CCB57480E36BF767590B8ABD	1892	Elsevier	article						
1B76CE9B9655F495F17E0383B3DF21E3EF8CF53B	2012	Chinese Association of Traditional and Western Medicine	research-article	journal					
189ED8141B682B7C572541CCE42089D8594E76E5	1993	Kluwer	research-article	journal	3665	0			
4AF05E62A7C688197CF388FD84AE74FA1EBDD1F2	2011	Wiley	brief-communication	journal					
6CAB1D671F633981A6BBEAE28C729170D427B3FA	2000	Elsevier	research-article		940	1	202	1	
D83FBCB0242D3ED42B1FD43F48637C1A48E8CAFF	1991	Elsevier	research-article		1232	1			
B55A24D1C59EA94D92165677C5476140FC7FB031	1975	Elsevier	research-article		267	1			
939D0CF393E4EBACA9353EA4B297874FFCE4D550	1992	SAGE	research-article	journal	888	1	186	1	
64F161C3C7628911C33A770C0FC9EFF9A3BCEC9E	1982	RSC	article	journal	2839	0			
55204ADF4EC81806B113100DA28BAC983543BA82	2008	SP MAIK Nauka/Interperiodica	research-article	journal	1952	1	113	1	
5F175BCEB1C90999AFEBD8BDB50ED44FE2D4CD5A	1997	Kluwer	research-article	journal	1766	1	203	1	
F940F061DA36B3FF7D00E38082BD7334F64238A7	1995	Elsevier	research-article		536	1	157	1	
1FE36389E802904D980A6E4BF4481A7CDC782136	1994	Springer	research-article	journal	1159	1	91	1	
B6FC45CD4665A84C699F60932C8F9F50B315959F	1999	Elsevier	research-article		4192	0			
61A5EA47E32C5218240EAB6C75EB55C7353A13E6	1999	Springer	research-article	journal	1271	1	163	1	
0FE66F29D2021AD5C6FB77793ADDDE459FE6BD01	2000	Elsevier	research-article		1716	1	192	1	
CF795C28CD5D2AAF0DC98924E29A3C59D94AA17D	2011	SP MAIK Nauka/Interperiodica	research-article	journal	414	1	177	1	
1A295D839715318773D15613607B1363E440ABCA	1999	Springer	research-article	journal	757	1	131	1	
C88C3C1FE2A0BC7C051B99592BB52E6C26A5E8A8	2003	SAGE	research-article	journal	1274	1	181	1	
D0311A44124133205B5D3B196D770E20967FD8C7	2006	The Korean Institute of Metals and Materials	research-article	journal	893	1	155	1	
7C7140C9CAE78E456EE5B575A37BCB54B569B906	2009	SAGE	research-article	journal	1051	1	128	1	
3225B74391FECAD9363DB3F494CFB1427A402031	1977	Elsevier	research-article						
4FC172CBD74FC3C1A712151034F9B68C8DD4BCC8	1989	RSC	article	journal	1176	1			
E3A7EBB7B05B89EDDA18D4552712219D708151B8	1985	Elsevier	research-article		679	1			
5938EFAE054675545A213EDFD46CB4D6BB150DD2	2005	SAGE	research-article	journal	759	1	100	1	
1AEB408FB713BF97B8452E824E6BAD25103FF8F0	1997	Elsevier	research-article		1435	1	250	1	
7C94ECA0C435CF617458F0A563DC33C05CD21D2D	1997	Elsevier	research-article		1758	1	149	1	
810C7FDD8E51E0AF38B2C84F2661C8393A431CE5	1979	SAGE	research-article	journal	688	1			
77806902B2C637E220E133A29FC7300AA078D7DB	2013	Springer	conference	book-series	519	1	210	1	
F62E1F58B88EA706A0A8ABFF078BECA9F1EE063C	2007	Kluwer	research-article	journal	2098	0	102	1	
8F3C82BD653EA72417B8FE0887F83427B5B4738B	2009	Springer	research-article	journal	1354	1	62	1	
9562F2175C5A863CFCC5915F2919713D342354C5	1989	Springer	research-article	journal	3948	0	102	1	
C0270C1ED90E979147DBA1F8C2D1278745B5945E	1977	Elsevier	brief-communication						
50AC51D923D3BDA500C95E970D720F912BD12AE8	1996	Urban & Vogel	research-article	journal					
5018AB0BB99C67AE05D5FBD0B4801AC399E2A54F	2006	Nauka/Interperiodica	research-article	journal	1162	1			
C882CFC43E2D7CB360E595577A8E511FDB0E2485	2005	Kluwer	research-article	journal	1926	1	157	1	
DC9441D2D6C9A6A514043A836839383267BC0BCC	1999	Elsevier	research-article		3094	0	186	1	
27D1C1A608D691980F44CAAE0B355FA56A89F48C	1990	Elsevier	research-article		1605	1	223	1	
B7A6BFAC595E3EC920FBFDB154B8FBC100B9D103	1987	Elsevier	research-article		934	1			
E4A304006126DF124AAA1E25C5218CC776B0961E	2000	Elsevier	research-article						
B0E3D5EA361D041D5D9B44932021DD19A19DF1A5	1991	Elsevier	research-article		109	1			
25011C4AA29D83C3FB40E4B7199D698294B9255C	1988	Elsevier	research-article						
3ACDEBE16786B848BC0BA524B699658C169ECD78	1996	Elsevier	research-article						
63BC147DDA9DC5CE7CCD47CAE75D0A4E08E1DFBA	2005	Wiley	brief-communication	journal	3669	0	59	1	
D5B095DFBF4737740D35503514B5141A1773BEAB	1980	Elsevier	brief-communication						
4919ED56CDEA2301DDEAE092F61DCEDD56CF0473	2009	Springer	chapter	book	2082	0			
55D384EB0D6F6DFEB4A8B3CBE2117E87A3774554	2010	Springer	research-article	book-series	2351	0	244	1	
54ECC1CD90AC27103C9B792D711B2BEE8A0BE355	1947	Springer	research-article	journal					
10188162B26D2CE4FC4F7B2CB71DBEE98116ABD1	1969	Cambridge University Press	research-article	journal					
E6A8F579CB3A7989CA07744B143258D144914FA5	1989	Elsevier	research-article		642	1			
BAACF97A371BFE8545602798337B5FA9C79F9741	1979	Springer	research-article	journal					
54064ACFC2FC54151F4F34821E796787DA3B6C84	2003	Kluwer	research-article	journal	2066	0			
9418D585BC573A23AD799D507412AF7D5C97470F	2010	Springer	research-article	journal	2634	0			
90581D13E1543F1211FFD0ABF3B5DAC76C1AA892	1974	Elsevier	research-article		658	1			
EBE5441FE1761DCCD6BCCAF192EBD321260FEDDE	1979	Kluwer	research-article	journal	2276	0			
510A52BB71620767D5CD920F15A69E25BFE5F4C0	2006	SAGE	research-article	journal	1369	1	250	1	
216ACB6B20C1E738D3CBF1B606AF1A4CE9906057	1973	Springer	research-article	journal	287	1			
7B105F1F1A211370313FA98DCF28A8FB087F2D36	2009	Emerald	case-report	journal	1507	1	162	1	
019B6818E3310F9735A2649D1D3569DEC05DDB24	1998	Elsevier	research-article		2747	0	144	1	
1509B62BE5271BD9FB8A1E4C0A2D8EBA0822F7E4	1982	SAGE	research-article	journal	1073	1			
1209BED2FFD54F97F2C7B4D7B605799B04A5A897	1953	Springer	research-article	journal	1539	1			
4F14C85E541CCB188C86F0A0C8202C13E2B4CBA7	1978	RSC	article	journal	417	1			
AEC8F64FB771DFA5ED5B524FFD6832ECE860D797	1997	Springer	research-article		637	1	239	1	
63E5CAD6AD54AFD355C5C4ED72A0AA339F8EF350	2013	Springer	research-article	journal	911	1	1	0	
8BBB018F244C67202866EC23E6905052A8ECF8BA	2010	Springer	research-article	journal	1288	1	27	1	
F6F66F5A57227684225CBC8DC09D1A37E4ABFA3A	1972	Elsevier	research-article		2001	0			
E947FDC040B295887334C696318B61701DE90601	2002	Springer	research-article		1054	1			
EC1E07D8048779ABAE0EC433BD4C5657CB271696	2001	Elsevier	research-article						
D7B16D00BCE8915E27F976A0DC20BC7260F8FDD0	1951	Springer	research-article	journal					
DFEFC3B3F33D2E3E3FB557714B706F53C977A417	2004	Emerald	article	journal	1073	1	116	1	
584E0CB5346F307B1F3699E95847EB04A7BF26E0	2012	Springer	conference	book-series	338	1	180	1	
95BA5A6C6F1F9F74BBF3FD42B21BED1E6EA3E751	2008	RSC	other	journal	3322	0			
B32A1C0AE25713FE0FC9D19D01D898C4C899EF26	2013	Springer	research-article	journal	1747	1	212	1	
154D200C209BACFECA37FBA1DA5D51679614BF05	1984	Cambridge University Press	research-article	journal	1374	1			
C648401B2CD0AB582E5297DC9B14590F5FE7FCCE	2000	Nauka/Interperiodica	research-article	journal	569	1			
416BFD81283F1129847995AA6DA5686C90C5AD94	2000	SAGE	research-article	journal	1014	1			
B8E689A1FD6261263D2FD104F0E3F319BD0C17FC	2013	Springer	research-article	journal	2737	0	329	1	
60B4C384928997701C770FB9EA1C2D611A85D169	1987	Elsevier	research-article		85	1			
CEB1B0C44D24261074D2AD97463B9695C122ABD7	2006	Springer	research-article	journal	1218	1	46	1	
97018CEFD88727B9ABF337CA783B904EEC3F5F1B	1991	Elsevier	research-article		1932	1			
7D8863DF5A99F6AD801967795C812BE9706FACD3	1997	Springer	research-article						
9D084C416B47322B3674114A82AB94F9D9C6AFFC	1990	RSC	article	journal	2871	0			
1AB6A62948226BEDFBD5A5E202EC6D2618B5CF7B	2007	Kluwer	research-article	journal	660	1			
8563F7585BADFF526F259C0E155E3AECAE5E9A01	2002	Springer	research-article	book-series	731	1			
20BE01FF7FBC98556A1D1DC5F5C8292135DD7959	1994	Springer	research-article	journal	1165	1			
F49747797FEC9EB4ED4E132A40EC528B38E060B9	1990	Elsevier	research-article		426	1	157	1	
0F386B5F269C25A378007632360303CBF6DF13A9	1999	Elsevier	research-article		897	1			
66404C49A7F2DF65BB42AA206B2E64FC8DBE49C4	2013	Springer	research-article	book-series	776	1			
8FD667CD7258CF416A076DB2C63B72DDF24E70C7	1962	Oxford University Press	research-article	journal	1615	1			
340715A1EF334C8A641AB7EA74509BF12385274B	2001	Elsevier	research-article		1756	1			
9CC5C6C9809C07B62D569D23A61CFB8762CDD1CE	2002	Northeast Forestry University and Ecological Society of China	research-article	journal	1259	1	188	1	
744F0A295175F4F64DD175A69C20A1462D38B196	2008	Springer	research-article	journal	1102	1	94	1	
35EC04507447A93F6CE1E7643625FEA8CBBAAFD3	2000	Springer	research-article		676	1			
33969974EB9DC58CCE2B5A367A967CAFFE055B5E	1995	Elsevier	research-article		293	1			
E337B4477CD7501C08E02300658E9441BE7A3433	1949	Kluwer	research-article	journal					
50858F5E88CD40BF14A7F628942675A4591D0FDA	1999	Blackwell	brief-communication	journal					
771207817B538087232C58FE84BDFA43B1581867	1997	Elsevier	research-article		541	1	165	1	
377491290CE091D531EDB62912496C8AC650A42D	1988	Institute Of Physics	other	journal	817	1			
6ABF6001FFEFE62C6F8B1D3D4DA39DBF50C23C8D	1979	Springer	research-article	journal	7150	0	63	1	
712748F4C75B89C985FAE40CF08D1A26EBDD83B9	1954	BMJ	research-article	journal					
BFDFF37E13C14F3D9CA7EACB0AFBD29032ACFB15	2000	Elsevier	research-article		2045	0	98	1	
CA3464516EB7E1E3CF65E84639692DCAF20FBE59	1993	Kluwer	research-article	journal					
6000F5D00E3391F97F410F2A848CB89E70692035	1987	Kluwer	research-article	journal	2373	0			
108CE181D23672357B35E47B7A3715F817384056	2000	Elsevier	research-article		1243	1	193	1	
5D81C29F44D330FA8CA434598AAC7526FF0E47C1	1994	MCB UP Ltd	case-report	journal					
9F0071D8394F460EBC8F34C26BF53977150C530D	1966	BMJ	research-article	journal					
4A82669330DD47D07F850A94BB32B5B3C374DB5C	2010	Institute Of Physics	other	journal	1488	1			
1A95C9412128215E7E6C3FEBEE23348D4F95B518	1992	Elsevier	research-article		1278	1			
D890FCEEE2768D5548AA9D6EE0FC1281E8BADFCF	1994	Springer	research-article	journal	751	1			
0D0E8DB22AB78F168FADEA3F50000434B0ED652F	1989	Institute Of Physics	other	journal	2697	0			
8668CBE8C3E681D72831FE6588267A33286F9D32	1982	Elsevier	research-article		833	1			
8DFCA594C37203B5B05BED82CFA357A0DE0824BB	2003	Springer	research-article		2497	0	43	1	
192B0C216BCE62B1FEEA6F0171EBBB5822B03471	2006	Institute Of Physics	other	journal	814	1	132	1	
8DC7819536493168AD927194E3D9AA4310610CAD	2008	Springer	research-article	journal	1752	1	163	1	
6543E9E31FF44039FB4BC3558B452BA32DB64D2C	1973	Institute Of Physics	other	journal	5869	0			
495D527D424C1E5DD833E28A4D474DE2C1CCC95B	1999	Elsevier	research-article		492	1			
E10D2279B8A9196C7F01566C968E890F23E925D6	1995	Elsevier	research-article		1551	1			
5C42346833F5198D9D4CAA504D941AACA50B77A1	2008	Springer	research-article	journal	1638	1	33	1	
D6233B14460A2A292A3D9C101F79DE8730B2C3B6	1991	Elsevier	brief-communication		2278	0	160	1	
DDAB86B0384BF9FF4415EFDC7B0D404E03AE7C82	2005	Emerald	research-article	journal	2044	0	179	1	
DAD3784F84DBA655C9442AECD8A79EFF7DF6F49F	1985	Elsevier	research-article		1032	1			
8047D8ED0B2ED67F6C9A1A56271AE66CB6891D0C	1984	Springer	research-article	journal	1699	1			
95CA669947A001E2205432ADAC74F309842B27BA	1995	Springer	chapter	book					
C67767A5BD413C9452F1FDFC5B766448D9663207	1996	Kluwer	research-article	journal	366	1			
B0633604D9E2F64729E958E733E70501D77E60A2	1983	Elsevier	brief-communication		599	1			
EBDDCDC6EBD220154D5E1215F0106234D0B0B8C7	1999	RSC	article	journal	4121	0			
5D535CBCDE53A6F46211FC55B4A9A1592CDB8681	1935	Springer	research-article	journal	2231	0			
A5EA4FC3AEBF4C23ABA6750D94C5C01AE017B6B1	2002	RSC	article	journal					
276F09B297A2249902EFD0C87DF920BCAAB99DD7	2000	SAGE	research-article	journal	1315	1	248	1	
206F38528CE89EEDF53EFEA9DE4EC00D149FC4B1	2009	RSC	other	journal	949	1			
7C8DFE4D4EF0F54188FA5AD123E5BFB79BD9ABB6	1977	Elsevier	research-article		4528	0			
54B14CA3265A375454C61129F1D7CA25173D31E3	1980	Elsevier	brief-communication		443	1			
58DFB8601B6A26608B4AA2FBA51B3A56776617C5	1980	Institute Of Physics	other	journal	816	1			
704F4CF2E79FF61C608BD18DAB99875ED06E686B	2011	Blackwell	brief-communication	journal	839	1			
CD72BAE3057F8439B7712EB11B50EDDF9CB812EF	2000	Springer	research-article						
620BF934F62C39B7871AEBC8ED0C6F60EE8FAEEE	1991	Kluwer	research-article	journal					
117AB41E64D27C45D93BC48E96C56708400206BA	1997	Elsevier	research-article		1106	1			
23094EE42A6F0293F6B2BEA4D962C036762C9C60	1994	Elsevier	research-article		716	1			
5D999443D6A4F6628DC4CFA6CF36C1E6C2BDF437	1978	Springer	research-article	journal	1245	1			
07FFF352571DCA2E7CD7CE35A4E310993154638B	1994	Springer	research-article	journal	1437	1	88	1	
54E8A47C59267AF8243B827D40231D577F87863B	1971	Elsevier	brief-communication						
04768D691AD401FAE116E63280C64068201EC810	1988	Elsevier	research-article		1560	1	183	1	
4096D709DDE8205451C64CFBF813A13C26D149FB	1982	Kluwer	research-article	journal	1083	1			
283866098AAC82F1F2CADEE6153C91C739DFBEAD	2008	Springer	research-article						
5513F9CEE88A1668791CDE7026741B34AC976AE6	1968	Kluwer	research-article	journal					
D5712C929E96046AB6CF125A873087EFB727AF88	2006	Springer	research-article	journal	1579	1			
70355EDD4BFF528F9D4D2A08F4261B7AA9F136F6	1958	Springer	research-article	journal					
3F7C9D69F8923A36EFE2CD17BD02EA91B2E4E088	1993	Elsevier	research-article		3367	0			
0FC76B174D4BA5CE666661915080A76EDE934468	1995	Elsevier	research-article		1017	1			
94D1B14DF111F189AF6D4090C9BDFB1794086E63	2000	Elsevier	research-article		1441	1	263	1	
018601D3479E22509D0BBA4AAEBA09FCA149AE0A	1979	Elsevier	research-article		50	1			
585D3AD7DFD52BA4C8BBCD5889A377B32BA8D365	1978	Elsevier	research-article		129	1			
D400AC8BEB9D8D3C293939FCEA0738ADEA9176A4	1995	Elsevier	research-article		1559	1	128	1	
A1F81F97429322E1573F9CDB3787D1EECFD8208B	1973	Springer	research-article	journal	2655	0			
1DD43F7177F2785708BB7F12DB31AC330574D6B6	1968	Kluwer	research-article	journal	3780	0			
40C9D1157106E71D56211BD37C1590223B2E6079	1985	Elsevier	research-article		589	1	72	1	
2F488BD9164A760DA30511C1EF8671EBEB90DCA2	1975	Elsevier	research-article		491	1			
177D085BCFA05E3CDF6244C22F2FFE91286D8E31	1989	Elsevier	research-article		5183	0			
40B406D5363A93E3A60A8007FFE2D91AECBE6279	2010	Blackwell	research-article	journal	1602	1	107	1	